Group_code_code,Group_code,Group Size,Positive Prediction Rate,Demographic Parity Difference,Equal Opportunity Difference,Disparate Impact
1_1,"female_divorced_separated_married, 25 - 45",27,0.8888888888888888,0.11388888888888882,0.004052684903748771,1.146953405017921
0_1,"male_divorced_separated, 25 - 45",10,0.6,-0.17500000000000004,-0.10070921985815595,0.7741935483870968
3_1,"male_married_widowed, 25 - 45",10,1.0,0.22499999999999998,0.099290780141844,1.2903225806451613
2_1,"male_single, 25 - 45",78,0.8461538461538461,0.07115384615384612,0.04756664221080953,1.0918114143920594
1_2,"female_divorced_separated_married, Greater than 45",9,0.8888888888888888,0.11388888888888882,0.099290780141844,1.146953405017921
2_2,"male_single, Greater than 45",19,0.8421052631578947,0.06710526315789467,0.008381689232753065,1.0865874363327672
1_0,"female_divorced_separated_married, Less than 25",20,0.4,-0.375,-0.1734364925854287,0.5161290322580645
3_0,"male_married_widowed, Less than 25",9,0.7777777777777778,0.002777777777777768,-0.025709219858155996,1.003584229390681
2_0,"male_single, Less than 25",11,0.5454545454545454,-0.2295454545454546,-0.150709219858156,0.7038123167155425
