Group_code_code,Group_code,Group Size,Positive Prediction Rate,Demographic Parity Difference,Equal Opportunity Difference,Disparate Impact
1_1,"female_divorced_separated_married, 25 - 45",27,0.9259259259259259,0.18592592592592594,0.0800405268490374,1.2512512512512513
0_1,"male_divorced_separated, 25 - 45",10,0.5,-0.24,-0.07234042553191489,0.6756756756756757
3_1,"male_married_widowed, 25 - 45",10,1.0,0.26,0.12765957446808507,1.3513513513513513
2_1,"male_single, 25 - 45",78,0.7948717948717948,0.05487179487179483,0.02421129860601612,1.074151074151074
1_2,"female_divorced_separated_married, Greater than 45",9,0.6666666666666666,-0.07333333333333336,-0.015197568389057836,0.9009009009009009
2_2,"male_single, Greater than 45",19,0.7368421052631579,-0.0031578947368421373,-0.0541586073500967,0.995732574679943
1_0,"female_divorced_separated_married, Less than 25",20,0.4,-0.33999999999999997,-0.14506769825918764,0.5405405405405406
3_0,"male_married_widowed, Less than 25",9,0.8888888888888888,0.14888888888888885,0.0026595744680850686,1.2012012012012012
2_0,"male_single, Less than 25",11,0.5454545454545454,-0.19454545454545458,-0.12234042553191493,0.7371007371007371
